sep=;
Month;Year;Ageing Population/Social Care for the Elderly;AIDS;Animal Welfare;Bird Flu/Flu Pandemic;BSE/Beef;Coal Review/Pit Closures;Common Market/EU/Europe/Single European Currency;Countryside/Rural Life;Crime/Law and Order/Violence/Vandalism;Defence/Foreign Affairs/International Terrorism;Drug Abuse;Economy/Economic Situation;Education/Schools;Foot and Mouth Outbreak/Farming Crisis;German Reunification/Eastern Europe;GM/GM (Genetically Modified) Foods;Heathrow/Third Runway at Heathrow;Housing;Immigration/Race Relations;Inflation/Prices;Lack of Faith in Government;Inner Cities;Local Government/Council Tax/Poll Tax;Low Pay/Minimum Wage/Fair Wages;Morality/Individual Behaviour;Nationalisation/Government Control of Institutions;NHS/Hospitals/Health Care;Northern Ireland;Nuclear Power/Fuels;Nuclear Weapons/Nuclear War/Disarmament;Pensions/Social Security;Petrol Prices/Fuel;Pollution/Environment;Pound/Exchange Rate/Value of Pound;Poverty/Inequality;Privatisation;Public Services in General;Scottish/Welsh Assembly/Devolution/Constitutional Reform;Taxation;Trade Unions/Strikes;Transport/Public Transport;Tsunami/South East Asia;Unemployment/Factory Closure/Lack Of Industry;Other;Don't Know;
Feb;1980;;;;;;;15;;19;;;;18;;;;;12;9;65;;;;;;;12;11;;;7;;;;;;;0;;55;;;41;;
Apr;1980;;;;;;;23;;32;;;;24;;;;;15;14;69;;;;;;;23;12;;;;;;;;;;0;;53;;;51;;
Sep;1982;;;;;;;4;;13;11;;;;;;;;;;32;;;;;;;;3;;;;;;;;;;0;;11;;;87;;
Oct;1982;;;;;;;4;;10;13;;;;;;;;;;34;;;;;;;;3;;;;;;;;;;0;;9;;;85;;
Nov;1982;;;;;;;6;;10;14;;;8;;;;;5;5;29;;;;;;;11;4;;;5;;;;;;;0;;6;;;87;;
Mar;1983;;;;;;;6;;8;8;;;8;;;;;5;3;24;;;;;;;6;3;;24;8;;;;;;;0;;7;;;83;;
Apr;1983;;;;;;;6;;9;10;;;11;;;;;6;4;25;;;;;;;10;3;;29;6;;;;;;;0;;8;;;83;;
Jun;1983;;;;;;;8;;9;15;;;9;;;;;4;3;21;;;;;;;11;1;;30;8;;;;;;;0;;5;;;86;;
Jul;1983;;;;;;;6;;15;13;;;10;;;;;4;4;21;;;;;;;11;2;;26;6;;;;;;;0;;4;;;79;;
Aug;1983;;;;;;;4;;15;11;;;9;;;;;5;4;23;;;;;;;14;3;;22;6;;;;;;;0;;4;;;82;;
Sep;1983;;;;;;;4;;16;14;;;8;;;;;3;4;19;;;;;;;17;4;;30;5;;;;;;;0;;3;;;80;;
Oct;1983;;;;;;;5;;10;14;;;8;;;;;5;4;22;;;;;;;26;3;;30;7;;;;;;;0;;4;;;78;;
Jan;1984;;;;;;;9;;9;13;;;8;;;;;5;3;19;;;;;;;14;6;;41;7;;;;;;;0;;6;;;79;;
Feb;1984;;;;;;;8;;9;13;;;10;;;;;4;3;18;;;;;;;15;3;;39;7;;;;;;;0;;4;;;80;;
Mar;1984;;;;;;;11;;11;11;;;9;;;;;5;4;21;;;;;;;14;3;;29;7;;;;;;;0;;10;;;81;;
Apr;1984;;;;;;;8;;12;11;;;8;;;;;5;6;16;;;;;;;12;3;;30;5;;;;;;;0;;15;;;76;;
Jun;1984;;;;;;;15;;10;8;;;9;;;;;4;4;17;;;;;;;10;2;;29;7;;;;;;;0;;29;;;73;;
Aug;1984;;;;;;;8;;12;9;;;7;;;;;4;5;19;;;;;;;11;6;;25;5;;;;;;;0;;35;;;71;;
Sep;1984;;;;;;;5;;10;7;;;7;;;;;3;3;21;;;;;;;10;2;;22;5;;;;;;;0;;39;;;70;;
Oct;1984;;;;;;;5;;12;7;;;6;;;;;3;2;18;;;;;;;8;7;;22;7;;;;;;;0;;41;;;75;;
Nov;1984;;;;;;;4;;11;6;;;8;;;;;3;3;18;;;;;;;9;4;;20;6;;;;;;;0;;40;;;73;;
Dec;1984;;;;;;;4;;12;7;;;10;;;;;;;14;;;;;;;9;3;;22;;;;;;;;0;;36;;;79;;
Jan;1985;;;;;;;4;;10;7;;;8;;;;;3;2;15;;;;;;;9;2;;24;7;;;;;;;0;;26;;;82;;
Feb;1985;;;;;;;3;;8;9;;;10;;;;;7;2;28;;;;;;;13;2;;20;8;;;;;;;0;;26;;;79;;
Mar;1985;;;;;;;2;;13;5;;;10;;;;;5;2;22;;;;;;;16;2;;21;10;;;;;;;0;;7;;;85;;
Apr;1985;;;;;;;3;;12;6;;;11;;;;;5;4;17;;;;;;;18;1;;19;6;;;;;;;0;;9;;;85;;
May;1985;;;;;;;3;;15;7;;;12;;;;;4;4;17;;;;;;;16;2;;17;6;;;;;;;0;;5;;;85;;
Jun;1985;;;;;;;4;;20;7;;;11;;;;;5;6;20;;;;;;;16;1;;15;11;;;;;;;0;;5;;;78;;
Jul;1985;;;;;;;3;;17;7;;;11;;;;;;;15;;;;;;;15;2;;15;;;;;;;;0;;5;;;80;;
Aug;1985;;;;;;;2;;16;6;;;10;;;;;7;5;15;;;;;;;16;2;;18;6;;;;;;;0;;4;;;83;;
Sep;1985;;;;;;;2;;19;7;;;10;;;;;6;12;10;;;;;;;13;1;;18;6;;;;;;;0;;3;;;83;;
Oct;1985;;;;;;;1;;29;6;;;10;;;;;5;17;12;;;;;;;12;1;;15;6;;;;;;;0;;3;;;85;;
Nov;1985;;;;;;;2;;25;4;;;9;;;;;6;9;11;;;;;;;13;2;;15;6;;;;;;;0;;3;;;82;;
Dec;1985;;;;;;;2;;21;5;;;8;;;;;;;10;;;;;;;10;2;;21;;;;;;;;0;;3;;;82;;
Jan;1986;;;;;;;2;;17;7;;;12;;;;;6;;9;;;;;;;15;3;;21;6;;;;;;;0;;3;;;84;;
Feb;1986;;;;;;;2;;13;4;;;15;;;;;9;;11;;;;;;;15;2;;14;5;;;;;;;0;;5;;;82;;
Mar;1986;;;;;;;3;;17;4;;;12;;;;;12;;11;;;;;;;14;3;;15;6;;;;;;;0;;3;;;86;;
Apr;1986;;;;;;;3;;17;20;;;12;;;;;6;;8;;;;;;;14;3;;15;4;;;;;;;0;;1;;;79;;
May;1986;;;;;;;1;;13;7;;;16;;;;;8;;8;;;;;;;18;1;;29;5;;;;;;;0;;1;;;84;;
Jun;1986;;;;;;;2;;15;9;;;15;;;;;5;;9;;;;;;;19;2;;26;5;;;;;;;0;;2;;;83;;
Jul;1986;;;;;;;2;;14;7;;;12;;;;;7;;6;;;;;;;16;2;;17;4;;;;;;;0;;1;;;78;;
Aug;1986;;;;;;;1;;17;7;;;12;;;;;;;7;;;;;;;15;2;;17;;;;;;;;0;;1;;;80;;
Sep;1986;;;;;;;1;;17;7;;;11;;;;;6;;7;;;;;;;19;2;;22;4;;;;;;;0;;1;;;78;;
Oct;1986;;;;;;;1;;14;8;;;12;;;;;7;;9;;;;;;;18;1;;26;5;;;;;;;0;;1;;;77;;
Nov;1986;;;;;;;2;;16;7;;;11;;;;;5;;6;;;;;;;18;1;;22;6;;;;;;;0;;1;;;73;;
Dec;1986;;;;;;;2;;13;19;;;13;;;;;8;;8;;;;;;;17;1;;26;9;;;;;;;0;;1;;;78;;
Jan;1987;;;;;;;2;;17;10;;7;11;;;;;6;;3;;;;;;;17;0.5;;19;10;;;;;;;0;;2;;;75;;
Feb;1987;;;;;;;2;;18;9;;7;12;;;;;7;;8;;;;;;;19;1;;16;8;;;;;;;0;;1;;;77;;
Mar;1987;;;;;;;1;;17;9;;6;14;;;;;7;;5;;;;;;;20;0.5;;20;9;;;;;;;0;;1;;;76;;
Apr;1987;;;;;;;1;;19;9;;5;17;;;;;7;;3;;;;;;;19;1;;21;8;;;;;;;0;;1;;;75;;
Jul;1987;;;;;;;1;;17;13;;8;24;;;;;7;;4;;;;;;;28;1;;16;7;;;;;;;0;;1;;;68;;
Aug;1987;;6;;;;;2;;27;10;5;9;16;;;;;8;4;6;;;2;;;;19;1;6;17;6;;;0.5;;2;;0;2;2;;;65;;
Sep;1987;;;;;;;2;;20;9;;9;16;;;;;9;;4;;;;;;;21;1;;19;6;;;;;;;0;;1;;;63;;
Oct;1987;;;;;;;1;;19;10;;13;15;;;;;8;;5;;;;;;;22;1;;18;8;;;;;;;0;;1;;;60;;
Nov;1987;;;;;;;1;;20;8;;10;19;;;;;9;;5;;;;;;;32;3;;15;7;;;;;;;0;;1;;;58;;
Dec;1987;;;;;;;1;;16;9;;6;18;;;;;9;;5;;;;;;;52;2;;20;8;;;;;;;0;;1;;;57;;
Jan;1988;;5;;;;;1;;15;7;3;6;14;;;;;6;2;;;1;1;;;;64;1;4;13;6;;;1;;1;;3;1;1;;;45;;
Feb;1988;;;;;;;4;;17;5;;7;13;;;;;5;3;;;;1;;;;59;2;;12;7;;;;;;;0;;3;;;49;;
Mar;1988;;6;;;;;2;;27;5;4;7;14;;;;;9;5;;;2;2;;;;60;15;4;12;11;;;1;;2;;4;4;2;;;56;;
Apr;1988;;5;;;;;3;;20;6;4;8;15;;;;;8;6;;;2;13;;;;50;4;4;13;17;;;1;;2;;7;3;2;;;53;;
May;1988;;4;;;;;2;;23;6;5;8;15;;;;;8;5;;;1;9;;;;44;3;4;13;13;;;1;;2;;5;2;1;;;53;;
Jun;1988;;3;;;;;4;;34;7;6;8;14;;;;;10;7;;;2;8;;;;35;3;4;17;12;;;1;;2;;5;3;2;;;49;;
Jul;1988;;3;;;;;5;;28;7;4;13;16;;;;;11;9;;;1;7;;;;41;3;4;15;13;;;2;;4;;5;3;2;;;48;;
Aug;1988;;;;;;;4;;29;7;;15;15;;;;;10;11;;;;;;;;34;15;;12;13;;;;;;;0;;1;;;48;;
Sep;1988;;;;;;;8;;24;5;;16;14;;;;;9;11;;;;;;;;36;7;;13;15;;;;;;;0;;2;;;44;;
Oct;1988;;4;;;;;6;;25;6;5;14;15;;;;;9;9;;;;5;;;;38;3;6;13;16;;10;1;;3;;3;2;2;;;42;;
Nov;1988;;2;;;;;4;;21;7;4;21;15;;;;;8;14;;;;5;;;;39;3;5;13;20;;11;2;;8;;3;2;0.5;;;36;;
Dec;1988;;3;;;;;4;;19;7;3;21;13;;;;;14;15;;;;6;;;;31;2;3;11;15;;5;1;;3;;2;1;0;;;41;;
Jan;1989;;;;;;;5;;26;5;;18;11;;;;;10;17;;;;;;;;34;3;;11;13;;9;;;;;0;;;;;38;;
Feb;1989;;;;;;;4;;20;6;;14;14;;;;;10;19;;;;;;;;38;3;;11;13;;14;;;;;0;;;;;35;;
Mar;1989;;;;;;;3;;20;6;;15;14;;;;;10;21;;;;;;;;40;3;;9;9;;22;;;;;0;;;;;33;;
Apr;1989;;;;;;;4;;24;5;;16;14;;;;;8;21;;;;10;;;;35;2;;11;14;;14;;;;;0;;;;;32;;
May;1989;;;;;;;11;;19;6;;16;12;;;;;7;17;;;;10;;;;34;1;;16;13;;17;;;;;0;;;;;31;;
Jun;1989;;;;;;;16;;13;5;;19;12;;;;;;23;;;;10;;;;29;1;;12;;;23;;;;;0;;;;;30;;
Jul;1989;;;;;;;11;;15;3;;16;15;;;;;8;17;;;;13;;;;29;1;;8;11;;35;;;;;0;;;;;24;;
Aug;1989;;;;;;;7;;18;4;;17;13;;;;;8;15;;;;11;;;;34;4;;9;11;;30;;;;;0;;;;;27;;
Sep;1989;;;;;;;5;;18;5;;17;13;;;;;7;16;;;;11;;;;31;5;;9;12;;28;;;;;0;;;;;25;;
Oct;1989;;;;;;;3;;16;5;;31;14;;;;;10;25;;;;13;;;;35;2;;7;12;;21;;;;;0;;;;;23;;
Nov;1989;;;;;;;10;;13;7;;28;12;;;;;14;24;;;;12;;;;36;2;;6;12;;18;;;;;0;;;;;24;;
Dec;1989;;;;;;;9;;10;7;;24;14;;;;;14;17;;;;17;;;;34;2;;5;12;;17;;;;;0;;;;;24;;
Jan;1990;;3;;;;;9;;14;3;3;24;13;;;;;10;8;24;;;22;;;;31;2;1;5;12;;19;1;;3;;0;2;4;;;26;;
Feb;1990;;;;;;;6;;12;4;;26;14;;;;;11;;29;;;32;;;;27;1;;5;10;;18;;;;;0;;;;;20;;
Mar;1990;;;;;;;6;;9;3;;24;12;;;;;8;;26;;;49;;;;25;2;;3;9;;21;;;;;0;;;;;18;;
Apr;1990;;;;;;;7;;12;4;;24;15;;;;;9;;23;;;46;;;;25;1;;5;11;;19;;;;;0;;;;;20;;
May;1990;;;;;;;8;;14;3;;25;15;;;;;8;;29;;;39;;;;23;2;;4;10;;22;;;;;0;;;;;26;;
Jun;1990;;;;;;;10;;12;5;;23;17;;;;;10;;19;;;30;;;;22;2;;4;7;;20;;;;;0;;;;;19;;
Jul;1990;;;;;;;15;;12;4;;21;18;;;;;8;;19;;;30;;;;30;1;;4;11;;30;;;;;0;;;;;20;;
Aug;1990;;1;;;;;3;;10;31;2;25;17;;1;;;10;3;32;;;24;;;;28;1;1;3;10;;18;1;;2;;0.5;2;1;;;26;;
Sep;1990;;1;;;;;3;;9;35;2;26;20;;1;;;9;3;30;;;22;;;;29;1;1;2;11;;14;1;;2;;0.5;2;0.5;;;24;;
Oct;1990;;1;;;;;5;;12;25;1;25;32;;1;;;6;2;23;;;23;;;;31;1;1;2;10;;12;2;;1;;0.5;2;0.5;;;26;;
Nov;1990;;1;;;;;18;;8;33;1;23;21;;2;;;10;1;19;;;36;;;;28;1;1;2;10;;9;1;;1;;0;2;0.5;;;22;;
Dec;1990;;2;;;;;14;;9;29;2;23;14;;1;;;10;2;17;;;29;;;;24;1;0.5;2;10;;6;1;;2;;0.5;2;0.5;;;22;;
Jan;1991;;1;;;;;4;;5;65;1;28;17;;0.5;;;10;2;19;;;28;;;;27;1;0.5;3;10;;5;1;;1;;0.5;1;0.5;;;34;;
Feb;1991;;1;;;;;3;;7;51;1;33;17;;0.5;;;8;1;19;;;35;;;;23;2;0.5;0.5;8;;5;1;;1;;0.5;2;0.5;;;37;;
Mar;1991;;1;;;;;5;;7;6;1;32;18;;0.5;;;8;1;22;;;38;;;;24;0.5;0.5;0.5;9;;9;1;;1;;0.5;3;0.5;;;38;;
Apr;1991;;;;;;;4;;15;10;;27;20;;;;;10;;21;;;27;;;;29;1;;1;10;;10;;;;;0;;;;;48;;
May;1991;;;;;;;5;;14;4;;28;25;;;;;7;;16;;;13;;;;51;0.5;;1;7;;9;;;;;0;;;;;45;;
Jun;1991;;;;;;;18;;9;4;;28;20;;;;;11;;18;;;13;;;;40;0.5;;1;7;;8;;;;;0;;;;;52;;
Jul;1991;;;;;;;8;;13;6;;34;17;;;;;9;;14;;;11;;;;33;0.5;;2;7;;18;;;;;0;;;;;53;;
Aug;1991;;;;;;;6;;13;9;;34;19;;;;;13;;17;;;11;;;;34;0.5;;2;8;;8;;;;;0;;;;;54;;
Sep;1991;;;;;;;8;;23;6;;26;26;;;;;9;;12;;;9;;;;45;0.5;;1;9;;7;;;;;0;;;;;54;;
Oct;1991;;;;;;;9;;15;8;;24;21;;;;;9;;11;;;8;;;;51;1;;2;10;;10;;;;;0;;;;;54;;
Nov;1991;;;;;;;32;;12;4;;28;24;;;;;9;;9;;;10;;;;42;1;;2;10;;7;;;;;0;;;;;48;;
Dec;1991;;;;;;;24;;15;6;;31;17;;;;;17;;10;;;9;;;;34;1;;2;8;;4;;;;;0;;;;;41;;
Jan;1992;;;;;;;12;;11;6;;37;24;;;;;12;;11;;;8;;;;43;2;;3;9;;5;;;;;0;;;;;54;;
Feb;1992;;;;;;;9;;13;4;;40;27;;;;;11;;10;;;9;;;;49;2;;1;10;;7;;;;;0;;;;;56;;
Apr;1992;;;;;;;10;;11;3;;32;27;;;;;9;;8;;;7;;;;41;1;;1;8;;10;;;;;0;;;;;53;;
May;1992;;2;;;;;14;;15;4;2;27;23;;1;;;11;5;9;;;7;;;;32;1;;1;8;;13;0.5;;2;;0.5;1;0.5;;;57;;
Jun;1992;;1;;;;;17;;16;3;2;26;21;;1;;;11;4;9;;;5;;;;30;1;;2;9;;15;1;;1;;0.5;1;0.5;;;57;;
Jul;1992;;;;;;;10;;17;3;;35;20;;;;;12;;7;;;5;;;;28;0.5;;1;7;;14;;;;;0;;;;;61;;
Aug;1992;;2;;;;;10;;14;7;2;44;18;;2;;;15;6;13;;;7;;;;26;1;;2;7;;8;4;;2;;1;1;1;;;64;;
Sep;1992;;1;;;;;22;;11;3;1;53;17;;1;;;13;3;9;;;3;;;;21;0.5;;1;6;;7;4;;1;;0.5;1;0.5;;;61;;
Oct;1992;;1;;;;;19;;9;2;1;50;14;;1;;;10;2;9;;;3;;;;27;0.5;;0.5;7;;4;2;;2;;0;0.5;8;;;74;;
Nov;1992;;2;;;;;19;;12;2;;47;16;;1;;;15;4;8;;;5;;;;27;1;;0.5;7;;5;3;;2;;0.5;1;1;;;71;;
Dec;1992;;2;;;;;24;;12;3;2;41;15;;1;;;17;3;7;;;2;;;;24;0.5;;0.5;7;;3;1;;2;;0;1;0.5;;;72;;
Jan;1993;;2;;;;3;8;;17;9;2;37;16;;1;;;10;2;5;;;3;;;;28;0.5;;1;7;;4;1;;3;;0.5;1;0.5;;;79;;
Feb;1993;;1;;;;1;10;;33;3;2;31;20;;1;;;9;2;4;;;2;;;;30;0.5;;0.5;7;;5;1;;2;;0.5;1;1;;;81;;
Mar;1993;;1;;;;2;10;;34;3;2;33;18;;1;;;10;2;8;;;3;;;;24;3;;1;9;;4;1;;1;;0.5;2;0.5;;;78;;
Apr;1993;;1;;;;1;9;;26;8;2;36;19;;1;;;10;3;6;;;2;;;;24;2;;1;10;;5;0.5;;2;;0.5;1;1;;;73;;
May;1993;;1;;;;1;13;;24;5;2;30;19;;0.5;;;8;3;6;;;2;;;;41;1;;0.5;12;;3;1;;4;;0.5;2;0.5;;;68;;
Jun;1993;;1;;;;1;9;;20;6;2;36;21;;0.5;;;9;4;6;;;2;;;;37;1;;0.5;10;;4;1;;2;;0.5;2;0.5;;;69;;
Jul;1993;;2;;;;0;19;;24;4;3;31;18;;1;;;8;;5;;;1;;;;32;1;;1;11;;7;;;2;;0;3;;;;66;;
Aug;1993;;1;;;;1;10;;25;6;2;32;21;;1;;;8;;5;;;1;;;;36;1;;0.5;9;;5;;;3;;0;3;;;;63;;
Sep;1993;;1;;;;0.5;7;;29;4;2;32;19;;1;;;9;8;6;;;2;;;;32;1;;1;11;;3;1;;2;;0.5;4;0.5;;;61;;
Oct;1993;;0;;;;2;6;;33;6;2;30;17;;;;;9;;7;;;3;;;;32;1;;1;13;;3;;;1;;0;7;;;;61;;
Nov;1993;;1;;;;1;6;;28;4;3;30;23;;1;;;9;4;5;;;2;;;;35;3;;1;13;;4;0.5;;2;;0.5;4;0.5;;;61;;
Dec;1993;;1;;;;1;6;;23;4;2;28;19;;0.5;;;10;3;5;;;2;;;;34;2;;1;15;;4;1;;2;;0.5;4;1;;;66;;
Jan;1994;;1;;;;0.5;5;;31;6;4;30;22;;;;;14;4;5;;;2;;6;;32;2;0.5;0.5;9;;5;0.5;;2;;0.5;6;0.5;;;61;;
Feb;1994;;1;;;;0.5;4;;26;9;5;23;22;;;;;10;4;6;;;1;;5;;40;1;0.5;1;9;;3;0.5;;2;;0.5;7;0.5;;;61;;
Mar;1994;;1;;;;1;12;;34;5;4;21;25;;;;;11;4;5;;;2;;5;;35;2;0.5;1;9;;4;0.5;;3;;0.5;11;0.5;;;59;;
Apr;1994;;1;;;;1;7;;33;7;4;24;24;;;;;11;4;5;;;2;;4;;38;1;0.5;0.5;9;;6;0.5;;2;;0.5;9;0.5;;;60;;
May;1994;;1;;;;0.5;12;;32;3;3;24;21;;;;;9;4;6;;;2;;4;;35;1;0.5;1;10;;4;0.5;;5;;0.5;8;0.5;;;60;;
Jun;1994;;1;;;;0.5;13;;30;2;4;22;21;;;;;11;2;5;;;1;;4;;29;1;0.5;0.5;9;;4;0.5;;3;;0;11;1;;;66;;
Jul;1994;;;;;;;12;;23;7;4;18;20;;;;;10;2;5;;;1;;4;;35;2;;;7;;7;;;4;;0;5;0.5;;;65;;
Aug;1994;;1;;;;0.5;9;;33;5;4;19;23;;;;;11;3;5;;;1;;4;;36;2;1;1;7;;6;0.5;;3;;0.5;5;2;;;62;;
Sep;1994;;1;;;;0.5;7;;33;3;3;20;21;;;;;8;5;5;;;1;;6;;34;2;0.5;0.5;9;;4;1;;2;;0.5;5;1;;;59;;
Oct;1994;;1;;;;0.5;11;;37;3;7;19;22;;;;;10;4;4;;;1;;4;;34;3;0.5;0.5;9;;5;0.5;;2;;0.5;4;0.5;;;62;;
Nov;1994;;;;;;;14;;25;2;4;17;20;;;;;10;2;4;;;1;;4;;40;2;;;11;;4;;;3;;0;4;0.5;;;58;;
Dec;1994;;0.5;;;;0.5;17;;22;2;3;22;18;;;;;11;2;6;;;1;;3;;34;1;0.5;0.5;12;;4;0.5;;5;;0.5;9;0.5;;;55;;
Jan;1995;;1;;;;1;22;;23;3;3;22;22;;;;;11;2;6;;;1;;3;;38;1;0.5;0.5;10;;5;0.5;;4;;0.5;5;0.5;;;52;;
Feb;1995;;1;;;;0.5;25;;26;2;4;20;26;;;;;10;5;4;;;2;;5;;36;2;0.5;0.5;9;;4;0.5;;3;;0.5;4;0.5;;;52;;
Mar;1995;;1;;;;0.5;16;;24;2;4;20;25;;;;;10;4;5;;;1;;3;;43;2;0.5;1;8;;4;0.5;;2;;0.5;4;0.5;;;51;;
Apr;1995;;1;;;;0.5;12;;25;2;3;21;33;;;;;10;4;6;;;1;;3;;41;1;0.5;0.5;9;;3;1;;2;;0.5;5;0.5;;;51;;
May;1995;;1;;;;0.5;15;;25;2;4;19;29;;;;;8;4;5;;;1;;4;;44;1;0.5;0.5;9;;4;0.5;;3;;0.5;5;0.5;;;53;;
Jun;1995;;1;;;;0.5;26;;22;4;3;17;29;;;;;11;4;5;;;1;;3;;38;1;1;1;9;;5;1;;2;;0.5;4;0.5;;;47;;
Jul;1995;;1;;;;0.5;12;;23;6;3;20;28;;;;;12;3;5;;;2;;3;;39;1;0.5;1;9;;5;1;;2;;0.5;6;1;;;51;;
Aug;1995;;1;;;;0.5;12;;24;3;4;20;29;;;;;10;4;5;;;2;;5;;39;1;0.5;1;8;;6;0.5;;5;;0.5;4;0.5;;;52;;
Sep;1995;;1;;;;0.5;13;;24;3;4;20;30;;;;;11;3;3;;;1;;4;;44;0.5;0.5;1;9;;5;0.5;;3;;0.5;5;0.5;;;48;;
Oct;1995;;;;;;;17;;22;2;5;18;29;;;;;12;4;4;;;;;2;;45;0.5;;;10;;4;;;4;;0;5;;;;51;;
Nov;1995;;1;;;;0.5;11;;25;3;10;19;31;;;;;10;5;4;;;1;;5;;39;1;1;1;11;;5;0.5;;3;;0.5;5;0.5;;;52;;
Dec;1995;;;;;;;10;;23;2;6;19;32;;;;;9;4;4;;;;;4;;40;2;;;10;;4;;;3;;0;5;;;;51;;
Jan;1996;;1;;;;1;14;;27;3;7;20;29;;;;;10;4;3;;;1;;3;;41;1;0.5;0.5;8;;4;1;;3;;0.5;3;0.5;;;49;;
Feb;1996;;1;1;;;0.5;11;;24;2;6;18;30;;;;;10;3;3;;;1;;4;;39;12;0.5;0.5;10;;7;1;;4;;0.5;4;0.5;;;48;;
Mar;1996;;1;1;;;0;16;;24;3;5;16;31;;;;;9;3;3;;;1;;3;;36;5;0.5;0.5;8;;5;1;;3;;0.5;3;0.5;;;44;;
Apr;1996;;1;1;;;;20;;24;2;5;17;33;;;;;9;4;3;;;1;;4;;34;2;0.5;1;8;;4;0.5;;3;;0.5;4;1;;;46;;
May;1996;;1;1;;18;;29;;29;2;5;16;30;;;;;9;3;2;;;1;;4;;39;1;0.5;0.5;9;;4;0.5;;2;;0.5;3;0.5;;;42;;
Jun;1996;;1;0.5;;15;;28;;22;1;4;13;28;;;;;8;3;3;;;1;;4;;33;4;0.5;1;8;;3;0.5;;2;;0.5;2;0.5;;;44;;
Jul;1996;;1;0.5;;5;;25;;29;2;6;14;31;;;;;8;3;3;;;1;;4;;35;4;0.5;0.5;9;;5;1;;3;;0.5;3;0.5;;;43;;
Aug;1996;;;;;3;;20;;30;2;5;15;27;;;;;8;4;2;;;2;;5;;33;2;;;10;;7;;;3;;0;3;;;;44;;
Sep;1996;;1;1;;8;;23;;27;3;6;14;32;;;;;9;3;3;;;1;;4;;35;2;0.5;1;11;;5;0.5;;2;;0.5;4;0.5;;;43;;
Oct;1996;;;;;3;;20;;41;2;6;13;39;;;;;7;3;2;;;1;;7;;36;1;;;11;;4;;;2;;0;4;;;;37;;
Nov;1996;;;;;2;;23;;37;3;7;19;42;;;;;8;3;5;;;2;;9;;43;1;;;13;;3;;;2;;0;3;;;;41;;
Dec;1996;;;;;2;;38;;37;2;6;24;38;;;;;10;3;4;;;2;;7;;42;2;;;14;;4;;;2;;0;4;;;;35;;
Jan;1997;;1;1;;2;;29;;22;2;4;19;43;;;;;9;2;3;;;2;;5;;49;2;0.5;1;12;;5;1;;2;;0.5;4;0.5;;;36;;
Feb;1997;;1;1;;2;;35;;27;2;5;18;45;;;;;10;3;4;;;1;;8;;48;2;0.5;1;13;;5;1;;2;;0.5;5;1;;;38;;
Mar;1997;;1;1;;2;;33;;28;1;3;18;43;;;;;6;3;4;;;2;;5;;49;0.5;0.5;1;15;;6;0.5;;2;;0.5;3;0.5;;;39;;
Apr;1997;;;;;2;;43;;27;2;3;22;54;;;;;7;3;3;;;2;;5;;63;3;;;17;;2;;;1;;0;4;;;;28;;
Jun;1997;;1;0.5;;1;;30;;24;2;6;14;45;;;;;8;3;2;;;1;;5;;51;4;0.5;1;11;;10;1;;1;;0.5;3;0.5;;;39;;
Jul;1997;;1;1;;1;;23;1;23;2;6;19;49;;;;;8;4;4;;;1;;6;;46;4;;1;13;;7;1;;0.5;;2;2;0.5;4;;34;11;4
Aug;1997;;0.5;1;;1;;16;1;27;2;9;18;39;;;;;9;5;5;;;1;;5;;47;2;;1;13;;11;1;;0.5;;1;2;0.5;7;;35;14;4
Sep;1997;;1;0.5;;0.5;;21;1;28;2;7;17;45;;;;;7;4;4;;;1;;6;;45;2;;1;12;;7;0.5;;0.5;;2;2;0.5;4;;35;11;4
Oct;1997;;1;1;;1;;35;0.5;26;2;6;14;36;;;;;8;8;4;;;1;;4;;47;2;;1;12;;7;1;;1;;1;2;0.5;3;;32;16;4
Nov;1997;;1;1;;1;;31;1;22;4;5;16;36;;;;;8;4;4;;;1;;4;;47;1;;1;13;;7;1;;0.5;;0.5;1;0.5;3;;34;13;4
Dec;1997;;1;1;;7;;28;1;16;2;5;14;31;;;;;8;4;3;;;1;;4;;42;3;;1;20;;9;0.5;8;0.5;;1;2;;2;;31;10;5
Jan;1998;;;;;3;;23;;19;4;5;14;37;;;;;10;4;3;;;2;;5;;42;8;;;23;;7;0.5;9;;;1;3;;3;;32;13;3
Feb;1998;;;;;2;;16;;14;26;3;14;37;;;;;7;3;3;;;1;;3;;50;5;;;19;;6;1;8;;;0.5;3;;3;;31;10;4
Mar;1998;;;;;2;;22;;13;4;5;19;42;;;;;6;3;3;;;2;;4;;47;3;;;17;;7;2;7;;;1;4;;4;;34;11;4
Apr;1998;;;;;1;;23;2;21;5;9;14;39;;;;;6;6;3;;;1;;6;;35;10;;2;13;;8;1;9;;;0;3;;3;;31;11;5
May;1998;;;;;1;;22;1;20;4;5;13;39;;;;;7;3;5;;;2;;3;;49;11;;1;12;;6;1;7;;;0;3;;4;;30;11;5
Jun;1998;;;;;1;;33;1;21;5;8;13;33;;;;;8;3;5;;;2;;6;;44;5;;2;10;;8;2;9;;;0;3;;5;;33;13;5
Jul;1998;;;;;1;;22;1;19;3;7;17;40;;;;;8;3;4;;;1;;5;;45;5;;1;13;;8;2;9;;;0;3;;8;;28;12;6
Aug;1998;;;;;0.5;;13;1;21;7;8;26;33;;;;;7;4;4;;;1;;4;;41;11;;2;12;;7;1;7;;;0;4;;4;;36;11;4
Sep;1998;;;;;1;;20;1;17;3;5;27;31;;;;;9;6;6;;;1;;4;;40;1;;1;9;;4;3;7;;;0;2;;4;;44;6;7
Oct;1998;;;;;1;;23;2;20;4;8;30;33;;;;;8;4;8;;;2;;5;;38;2;;1;12;;5;3;10;;;0;1;;2;;43;5;6
Nov;1998;;;;;2;;26;2;17;8;6;21;32;;;;;7;6;5;;;2;4;4;;37;1;;2;11;;5;2;7;;;0;5;;3;;35;8;7
Dec;1998;;;;;1;;32;1;17;5;6;18;26;;;;;8;7;6;;;1;3;5;;34;2;;1;10;;3;;8;;;1;3;;4;;30;12;4
Jan;1999;;0.5;0.5;;1;;27;2;17;7;5;19;32;;;;;7;4;4;;;2;4;5;;49;1;;2;10;;6;1;5;1;;1;3;0.5;2;;26;9;6
Feb;1999;;1;1;;3;;30;2;19;8;6;13;29;;;;;7;7;4;;;1;4;4;;39;3;;2;11;;5;1;9;0.5;;1;3;0.5;2;;26;9;4
Mar;1999;;0.5;1;;1;;32;1;16;4;5;15;29;;;;;7;5;4;;;2;3;5;;37;3;;1;10;;5;1;10;0.5;;1;5;0.5;3;;25;10;6
Apr;1999;;0.5;0.5;;0.5;;15;1;20;28;9;13;31;;;;;6;8;5;;;1;4;3;;34;2;;4;7;;4;1;9;0.5;;2;5;0.5;3;;27;11;5
May;1999;;1;1;;0.5;;26;1;18;28;6;15;27;;;;;9;6;3;;;1;3;5;;33;0.5;;3;11;;6;1;8;0.5;;1;3;1;3;;23;11;7
Jun;1999;;0.5;1;;1;;37;1;18;16;7;16;29;;;;;9;7;4;;;1;3;6;;35;2;;2;10;;5;1;8;1;;2;3;0.5;4;;19;10;7
Jul;1999;;0.5;0.5;;1;;30;1;16;7;6;13;30;;;1;;8;7;4;;;1;2;3;;39;10;;1;7;;8;1;7;0.5;;1;4;0.5;11;;21;11;7
Aug;1999;;0.5;0.5;;1;;25;2;19;5;5;13;30;;;3;;8;10;6;;;1;3;4;;41;2;;1;11;;6;1;9;1;;0.5;5;0;7;;24;10;7
Sep;1999;;0.5;1;;1;;23;3;21;5;12;11;31;;;2;;8;7;4;;;1;3;6;;39;3;;1;14;;7;1;14;0.5;;1;2;0.5;5;;22;11;5
Oct;1999;;0.5;;;4;;34;3;16;5;7;9;31;;;1;;9;8;5;;;1;2;3;;41;2;;1;12;;7;2;11;;;0;3;;10;;17;13;5
Nov;1999;;1;;;4;;23;2;24;5;8;13;29;;;1;;11;5;4;;;2;5;5;;40;4;;1;14;;8;1;10;;;0;4;;12;;21;11;4
Dec;1999;;2;0.5;;5;;32;2;15;4;6;10;33;;;1;;8;4;3;;;1;4;5;;41;2;;1;13;;6;1;10;1;;1;5;0;14;;18;15;0
Jan;2000;;0;;;0.5;;22;1;24;4;8;11;32;;;1;;9;7;3;;;1;4;5;;70;2;;2;12;;5;1;8;;;;5;;7;;20;12;7
Feb;2000;;0.5;;;1;;25;2;18;3;6;11;32;;;1;;6;12;4;;;2;4;4;;54;6;;1;13;;3;2;7;;;;5;;5;;19;13;7
Mar;2000;;0.5;;;0.5;;20;1;20;2;10;7;37;;;2;;9;13;3;;;1;4;5;;57;2;;1;12;;6;1;9;;;;5;;4;;18;11;6
Apr;2000;;0;0.5;;0.5;;17;2;16;3;7;11;35;;;2;;10;19;2;;;0.5;2;5;;53;2;;1;14;;5;1;9;0.5;;1;6;0;6;;21;12;5
May;2000;;1;1;;1;;19;2;34;4;10;11;30;;;3;;9;16;3;;;2;2;6;;45;2;;1;15;;5;1;9;1;;1;4;0.5;6;;23;13;4
Jun;2000;;0;1;;0.5;;24;1;23;3;8;9;32;;;1;;7;17;4;;;1;4;4;;55;1;;0.5;12;;4;2;8;0.5;;0.5;7;0;4;;17;15;6
Jul;2000;;;;;1;;19;1;34;2;6;12;34;;;1;;7;11;5;;;2;3;5;;51;1;;;14;;5;2;8;;;;11;;13;;17;21;0
Aug;2000;;;1;;1;;24;1;26;2;6;11;32;;;1;;5;11;4;;;1;3;5;;49;1;;;15;;4;1;6;;;;6;;8;;16;22;0
Sep;2000;;;1;;1;;21;2;13;2;3;10;30;;;1;;5;6;4;;;2;2;3;;46;1;;;23;31;5;1;7;;;;13;;7;;10;18;0
Oct;2000;;;0.5;;1;;24;1;19;4;7;9;25;;;0.5;;5;10;4;;;2;2;5;;44;1;;;19;22;4;1;8;;;;9;;12;;10;12;5
Nov;2000;;;1;;3;;27;2;13;6;5;12;27;;;2;;6;6;3;;;2;4;4;;46;0.5;;;14;17;14;1;6;;;;9;;9;;10;12;7
Dec;2000;;;0.5;;1;;26;2;26;3;7;10;29;;;1;;7;8;2;;;2;2;5;;45;;;;9;11;9;2;5;;;;7;;14;;7;10;4
Jan;2001;;0.5;1;;1;;21;2;30;3;6;11;32;;;1;;6;11;3;;;2;3;4;;50;1;;0.5;8;8;6;2;6;1;;1;6;0.5;9;;12;17;3
Feb;2001;;1;0.5;;1;;23;1;25;5;5;11;37;;;1;;7;18;2;;;1;3;3;;48;1;;1;11;8;5;1;6;1;;1;7;0;9;;12;13;4
Mar;2001;;0.5;2;;5;;17;3;16;1;5;9;29;49;;1;;4;10;2;;;1;2;2;;37;1;;0.5;8;4;4;1;5;0.5;;0.5;5;0.5;6;;10;8;4
Apr;2001;;1;2;;4;;14;3;19;3;6;10;32;41;;1;;5;16;1;;;1;2;3;;41;1;;0.5;8;7;5;0.5;6;0.5;;0.5;4;0.5;4;;12;11;4
Jun;2001;;0.5;1;;1;;24;2;29;2;9;10;44;7;;0.5;;6;14;2;;;1;2;4;;58;1;;1;11;4;6;2;6;1;;1;4;0;11;;10;12;5
Jul;2001;;0.5;0.5;;1;;20;3;32;2;5;12;34;4;;1;;6;17;2;;;2;2;4;;52;1;;1;10;3;8;1;6;1;;1;5;0.5;11;;11;11;3
Aug;2001;;1;2;;2;;22;2;22;2;4;13;35;7;;1;;6;23;2;;;2;3;4;;54;1;;0.5;8;3;4;1;5;1;;0.5;5;0;9;;13;11;0
Sep;2001;;0.5;0.5;;1;;9;1;15;60;4;15;30;3;;0.5;;4;27;2;;;1;2;2;;43;1;;4;7;2;3;1;4;1;;0.5;3;0.5;5;;11;13;0
Oct;2001;;;1;;1;;7;1;14;57;3;12;31;3;;;;4;17;2;;;2;3;4;;49;2;;3;7;0.5;2;1;5;1;;;2;;8;;12;10;4
Nov;2001;;;1;;1;;19;2;19;40;4;15;29;2;;;;5;12;1;;;2;2;3;;49;2;;2;8;2;2;0.5;4;0.5;;;2;0;10;;14;10;4
Jan;2002;;;0.5;;0.5;;13;1;23;13;5;12;32;2;;;;3;16;2;;;2;2;4;;66;2;;2;6;2;2;2;6;2;;;3;0.5;22;;9;11;4
Feb;2002;;;1;;0.5;;13;1;28;11;5;7;28;1;;;;4;18;2;;;2;1;4;;72;0.5;;1;10;1;3;1;5;0.5;;;6;0.5;18;;10;14;4
Mar;2002;;1;1;;0.5;;11;1;37;18;7;8;30;1;;0.5;;4;15;2;;;1;2;4;;58;1;;3;10;1;3;1;7;1;;0.5;2;0.5;14;;8;12;4
Apr;2002;;;0.5;;0.5;;10;1;29;19;6;8;28;1;;;;5;13;1;;;2;3;6;;66;1;;2;9;2;4;1;6;1;;;5;0.5;12;;8;10;5
May;2002;;;;;;;14;3;34;13;13;8;32;1;;;;7;39;1;;;1;2;5;;50;0.5;;3;9;1;3;2;4;0.5;;;3;0.5;16;;6;11;4
Jun;2002;;0.5;0.5;;0.5;;14;1;31;13;10;9;29;0.5;;1;;7;32;2;;;1;2;4;;54;1;;2;11;1;4;1;5;0.5;;1;4;0.5;17;;6;14;4
Jul;2002;;;;;;;11;;31;10;;12;37;;;;;8;22;3;;;1;;;;55;0.5;;2;11;;2;;;;;;;1;;;10;15;4
Sep;2002;;;;;;;8;;28;34;;10;31;;;;;6;21;2;;;1;;;;41;1;;9;9;;2;;;;;;;1;;;8;17;3
Oct;2002;;1;0.5;;0.5;;8;1;28;35;7;7;32;1;;0.5;;6;18;4;;;2;4;3;;45;3;;8;9;1;2;1;6;1;;0.5;4;2;11;;10;15;4
Nov;2002;;1;0.5;;0.5;;8;1;30;40;6;10;29;0.5;;0.5;;6;18;3;;;2;5;5;;42;0.5;;10;12;0.5;3;1;6;1;;0;3;11;8;;9;17;3
Dec;2002;;1;0.5;;0.5;;8;1;23;35;6;12;29;0.5;;0.5;;6;23;4;;;1;5;4;;38;0.5;;7;13;1;2;1;7;1;;0;5;4;12;;9;13;5
Jan;2003;;0.5;0.5;;0.5;;5;1;21;64;6;12;27;1;;0.5;;4;34;3;;;2;3;4;;35;0.5;;9;6;1;1;0;5;1;;0.5;3;2;6;;6;11;3
Feb;2003;;0.5;0.5;;0.5;;4;1;20;69;5;10;27;0.5;;0.5;;6;27;2;;;1;4;4;;44;0.5;;11;11;2;2;1;5;1;;0.5;5;1;11;;9;11;2
Mar;2003;;0.5;0.5;;0.5;;5;1;18;64;2;13;27;0.5;;0.5;;5;26;3;;;2;2;3;;42;0.5;;9;9;1;2;0.5;5;0.5;;0.5;7;2;9;;8;14;3
Apr;2003;;0.5;0.5;;0.5;;7;2;19;26;5;15;32;1;;0.5;;5;27;2;;;2;2;3;;49;0.5;;3;9;1;3;0.5;7;1;;0.5;7;0.5;6;;10;13;4
May;2003;;0.5;1;;0.5;;22;1;25;24;5;13;30;0.5;;0.5;;5;33;2;;;2;3;3;;39;1;;3;10;1;2;1;6;0.5;;0.5;6;0.5;5;;8;13;5
Jun;2003;;0.5;0.5;;0.5;;26;1;22;21;6;10;27;0;;1;;6;29;3;;;3;1;5;;41;0.5;;2;9;1;3;1;6;0.5;;0.5;6;0.5;9;;7;13;6
Jul;2003;;1;0.5;;1;;11;1;26;24;4;9;33;0.5;;1;;6;29;2;;;1;2;6;;43;0.5;;4;11;1;4;1;6;1;;1;4;1;9;;10;15;5
Aug;2003;;0.5;0.5;;0.5;;9;1;24;20;6;12;33;0.5;;0.5;;7;35;3;;;3;3;5;;45;0.5;;4;10;1;2;1;6;1;;0.5;6;0.5;10;;10;16;5
Sep;2003;;1;0.5;;0.5;;13;1;24;37;6;14;28;0.5;;1;;7;29;2;;;2;3;5;;40;0.5;;4;12;1;2;0.5;5;0.5;;0.5;6;1;7;;9;20;0
Oct;2003;;1;1;;0.5;;12;1;25;21;6;10;26;0.5;;1;;5;34;2;;;2;2;4;;40;1;;2;11;1;2;0.5;5;1;;0.5;8;0.5;8;;7;16;7
Nov;2003;;1;0.5;;0.5;;7;1;29;40;4;11;27;0.5;;0.5;;5;26;2;;;3;2;6;;46;0.5;;3;10;1;2;1;5;1;;0.5;7;1;7;;8;16;6
Dec;2003;;1;0.5;;0.5;;12;1;22;26;5;12;33;0.5;;0.5;;5;29;2;;;4;2;4;;41;0.5;;4;11;1;4;0.5;6;1;;1;10;0.5;8;;7;17;6
Jan;2004;;0.5;0.5;;0.5;;9;2;23;26;4;10;32;0.5;;1;;6;29;2;;;4;2;4;;36;0.5;;3;13;1;4;0.5;5;1;4;1;11;0.5;9;;8;15;6
Feb;2004;;0.5;0.5;;0.5;;7;1;26;28;6;9;33;0.5;;1;;5;35;2;;;4;2;5;;37;0;;3;13;1;3;1;5;1;3;1;10;0;6;;8;14;5
Mar;2004;;0.5;0.5;;0;;5;1;22;41;6;11;27;0.5;;2;;6;31;3;;;4;2;7;;35;0.5;;2;12;0.5;4;0.5;6;1;5;1;10;0.5;7;;8;15;5
Apr;2004;;1;0.5;;0;;9;1;19;47;3;9;29;0.5;;0.5;;8;36;2;;;2;2;4;;34;0.5;;4;10;1;2;0.5;6;0.5;3;0.5;7;0.5;5;;7;13;3
May;2004;;0.5;0.5;;0.5;;17;1;21;47;6;9;25;0.5;;1;;8;30;3;;;3;2;4;;34;0.5;;3;9;3;4;0.5;5;0.5;3;0.5;8;0.5;7;;7;13;4
Jun;2004;;0.5;0;;0;;16;1;20;35;5;7;28;0.5;;1;;7;28;2;;;1;1;4;;44;0;;1;10;3;3;1;4;0;3;0.5;5;0.5;7;;6;14;5
Jul;2004;;0.5;0.5;;0.5;;11;1;28;34;4;10;27;0.5;;1;;7;31;2;;;3;2;4;;40;0;;2;12;2;2;1;5;1;5;0.5;9;0.5;8;;7;13;4
Aug;2004;;0.5;0.5;;0.5;;9;0.5;28;38;6;10;23;0;;1;;6;30;4;;;4;1;4;;34;0.5;;2;8;3;4;0.5;3;1;2;0.5;8;0.5;6;;7;14;5
Sep;2004;;0.5;0.5;;0.5;;8;1;27;36;6;10;29;0.5;;1;;7;26;3;;;3;2;5;;34;0.5;;1;15;2;4;1;4;0.5;4;0.5;8;0.5;5;;8;15;5
Oct;2004;;0;0.5;;0.5;;7;2;28;47;7;11;26;0;;0.5;;7;25;3;;;2;1;4;;36;0.5;;2;20;1;3;1;5;0.5;3;0.5;9;0;4;;7;11;4
Nov;2004;;1;0.5;;0.5;;9;1;27;47;6;10;22;0.5;;1;;5;24;2;;;1;2;5;;32;0.5;;2;12;2;5;1;6;1;3;0.5;6;0;6;;6;16;5
Dec;2004;;0.5;1;;0.5;;6;1;30;40;5;10;25;0.5;;0.5;;6;25;2;;;2;2;6;;33;0.5;;2;13;2;4;0.5;7;1;4;0.5;9;0.5;7;;6;16;5
Jan;2005;;0.5;1;;0;;7;2;26;34;5;10;24;0.5;;1;;8;26;2;;;3;2;6;;34;0.5;;2;11;1;5;1;8;1;3;0.5;8;0;4;3;7;13;6
Feb;2005;;0.5;1;;0.5;;8;1;29;25;5;10;26;0.5;;0.5;;7;40;2;;;3;2;6;;38;0.5;;1;14;1;6;0.5;7;1;3;0.5;7;0.5;4;0.5;8;12;5
Mar;2005;;0.5;1;;0;;5;2;29;24;6;12;30;1;;1;;9;33;2;;;3;2;6;;44;0.5;;1;13;2;4;0.5;8;0.5;3;0.5;6;0.5;4;0.5;8;14;4
May;2005;;0.5;0.5;;0.5;;9;1;40;14;7;11;26;0.5;;0.5;;8;27;2;;;3;1;10;;36;0.5;;1;14;2;6;0.5;5;0.5;3;0.5;8;0.5;4;0.5;7;15;4
Jun;2005;;0.5;0.5;;0.5;;19;1;30;16;4;11;24;0.5;;0.5;;6;33;2;;;2;1;4;;36;0;;1;11;1;7;0.5;7;0.5;2;0.5;8;0.5;5;1;8;13;6
Jul;2005;;0;0.5;;0.5;;7;1;25;58;3;10;20;0.5;;0.5;;5;32;1;;;2;2;5;;29;0.5;;1;8;2;7;0.5;7;0.5;2;0.5;6;0;5;1;8;6;3
Aug;2005;;0.5;0.5;;0.5;;4;1;24;56;4;13;19;0.5;;0.5;;6;35;2;;;2;1;4;;28;0.5;;1;8;4;4;0.5;7;0.5;1;0.5;4;0.5;3;0.5;7;8;3
Sep;2005;;0.5;0.5;;0.5;;5;1;25;46;5;11;21;0.5;;0.5;;5;32;3;;;3;2;7;;28;0.5;;2;10;5;6;0.5;6;0.5;2;0.5;8;0;4;0.5;7;11;3
Oct;2005;;1;0.5;;0.5;;5;1;31;31;6;10;26;0.5;;0.5;;6;30;2;;;4;1;5;;34;0.5;;1;12;3;6;0.5;6;0.5;3;0;7;0;4;1;6;6;5
Nov;2005;;0.5;0.5;;0.5;;3;1;34;41;7;13;27;0.5;;1;;4;25;2;;;3;1;5;;29;0.5;;1;14;1;6;0.5;4;1;2;0.5;9;0.5;3;0.5;7;4;4
Jan;2006;;0.5;0.5;;0.5;;4;2;36;26;7;10;28;0.5;;0.5;;6;28;2;;;3;2;7;;30;0.5;;2;11;4;9;0.5;7;1;2;0.5;7;0.5;3;0.5;7;6;4
Feb;2006;;0.5;0.5;;;;3;1;28;34;6;11;25;0.5;;0.5;;6;30;2;;;3;2;5;;33;0.5;;2;13;3;8;0.5;6;0.5;;1;7;0.5;3;;9;16;3
Mar;2006;;0.5;0.5;1;;;3;2;26;29;5;9;28;0;;0.5;;6;30;2;;;3;2;6;;37;0.5;;2;13;2;9;0.5;8;0.5;3;0.5;8;0.5;3;0;5;14;4
Apr;2006;;0.5;0.5;2;;;3;2;30;23;3;9;28;0.5;;0.5;;6;35;2;;;2;2;5;;47;0;;1;12;5;11;0.5;5;0.5;3;0.5;7;0.5;3;0.5;7;16;4
May;2006;;0.5;0.5;0.5;;;3;1;36;27;5;10;25;0.5;;0.5;;5;41;3;;;2;2;5;;38;0;;1;20;4;12;0.5;5;0.5;2;0.5;5;0;2;0.5;6;7;2
Jun;2006;;0.5;0.5;0.5;;;3;2;41;25;5;8;19;0.5;;1;;7;35;2;;;2;2;6;;35;0.5;;2;10;3;10;0.5;5;1;2;1;6;0.5;3;0.5;6;7;4
Jul;2006;;0;1;0.5;;;3;1;37;36;4;9;20;0.5;;0.5;;6;38;3;;;2;1;5;;35;0;;2;10;6;10;0.5;7;0.5;3;1;7;0.5;2;0.5;6;6;4
Aug;2006;;1;1;1;;;3;1;26;38;6;8;19;0.5;;1;;8;45;3;;;3;2;4;;32;0.5;;2;7;3;10;1;4;0.5;2;0.5;7;0.5;2;0.5;5;6;4
Oct;2006;;0.5;1;0.5;;;3;2;30;37;5;8;20;1;;1;;5;40;2;;;2;2;5;;38;0.5;;3;7;1;8;0.5;5;1;2;0;7;0;3;0.5;6;5;4
Nov;2006;;1;1;0.5;;;3;1;32;40;6;9;18;0.5;;0.5;;6;38;4;;;3;2;6;;31;0.5;;1;7;2;11;0.5;5;1;3;0.5;8;0.5;2;1;6;3;4
Dec;2006;;1;0.5;0.5;;;3;1;33;35;5;9;21;0.5;;0.5;;7;38;4;;;1;2;6;;32;0.5;;2;10;2;13;0.5;5;1;3;1;9;0.5;3;1;6;4;4
Jan;2007;;1;1;0.5;;;7;2;37;36;11;14;22;0.5;;1;;8;25;7;;;4;3;6;;27;0.5;;3;8;2;19;1;4;0.5;3;0.5;7;0.5;2;0.5;6;2;3
Apr;2007;;1;1;0.5;;;2;1;40;27;9;10;19;0.5;;0.5;;10;36;5;;;3;2;8;;36;0.5;;1;8;1;12;0.5;5;1;4;0.5;9;1;4;0.5;8;5;4
May;2007;;0.5;1;0.5;;;3;1;36;27;7;9;23;0.5;;0.5;;11;38;3;;;3;3;6;;37;0.5;;2;7;1;10;0.5;5;1;3;1;6;0.5;3;0;7;6;4
Jun;2007;;1;1;1;;;4;2;35;27;6;10;22;0.5;;0.5;;10;40;3;;;3;2;7;;37;0;;2;8;1;13;0.5;6;1;3;1;6;0.5;3;0.5;8;5;3
Jul;2007;;0.5;0.5;0.5;;;3;1;35;39;7;7;22;0;;0.5;;16;40;3;;;2;3;8;;30;0.5;;2;6;1;9;0.5;5;1;3;1;7;0.5;3;0.5;7;4;3
Aug;2007;;1;0.5;1;;;3;0.5;55;25;8;9;19;1;;1;;9;35;3;;;2;2;9;;26;0.5;;2;5;1;8;;6;0.5;4;1;6;;3;;7;5;4
Sep;2007;;1;1;1;;;4;1;41;22;7;10;17;1;;0.5;;11;43;4;;;2;4;7;;36;0;;1;6;0.5;7;0;3;1;3;0.5;8;0;2;0.5;8;6;5
Oct;2007;;2;1;1;;;6;1;38;20;9;11;19;0.5;;0.5;;12;41;5;;;2;3;7;;40;0.5;;1;6;2;6;0.5;5;0.5;3;0.5;8;0.5;3;;6;6;2
Dec;2007;;2;1;1;;;4;2;37;21;6;13;21;1;;0.5;;15;46;6;;;2;4;8;;33;0;;2;6;6;10;1;6;1;4;0.5;7;1;4;0.5;7;6;2
Jan;2008;;1;1;1;;;2;1;47;20;7;20;18;0.5;;0.5;;9;40;8;;;3;4;8;;33;0;;1;5;5;8;1;5;1;3;1;7;0.5;4;0;9;4;3
Feb;2008;;1;1;0.5;;;3;1;50;16;8;18;17;0.5;;0.5;;12;44;9;;;3;4;10;;25;0;;1;6;4;7;1;5;0.5;3;0.5;8;0.5;3;;6;6;3
Mar;2008;;0.5;1;0.5;;;3;1;40;17;7;23;17;0.5;;0.5;;10;44;11;;;4;4;9;;24;0.5;;2;6;6;10;1;7;1;4;1;11;0;3;;6;4;3
Apr;2008;;1;0.5;0.5;;;4;1;35;20;8;33;14;0.5;;0.5;;13;42;11;;;3;4;7;;23;0.5;;1;6;6;7;1;7;1;3;1;11;0.5;2;;6;4;4
May;2008;;1;1;0.5;;;2;1;41;13;6;34;13;0.5;;0.5;;15;37;21;;;2;5;7;;19;0.5;;1;7;9;8;1;8;1;4;1;9;0;2;;6;4;3
Jun;2008;;1;1;0.5;;;4;2;38;20;6;32;16;0.5;;1;;12;30;22;;;2;4;6;;19;0;;1;7;16;9;1;7;1;3;0.5;9;0.5;2;;6;6;2
Jul;2008;;1;0.5;0.5;;;3;2;39;15;6;42;13;0.5;;0.5;;11;26;23;;;2;3;6;;16;0.5;;1;4;15;7;1;8;0.5;2;0.5;7;0.5;2;;9;6;3
Aug;2008;;1;1;1;;;3;1;47;15;7;41;12;0;;0.5;;13;25;26;;;3;4;9;;15;0.5;;1;4;10;7;0.5;6;0.5;2;1;5;0.5;2;;7;8;2
Sep;2008;;0.5;0.5;0.5;;;1;1;40;12;7;55;12;0.5;;0.5;;9;27;22;;;3;4;7;;17;0;;1;5;8;8;1;7;1;3;1;6;0.5;1;;11;5;3
Oct;2008;;0.5;0.5;0.5;;;1;1;33;10;6;58;12;0.5;;0.5;;7;27;21;;;2;4;7;;18;0.5;;0;4;4;6;2;8;1;3;0.5;3;0;2;;14;6;3
Nov;2008;;0.5;0.5;0;;;2;0.5;38;13;5;62;9;0;;0.5;;8;22;18;;;2;3;8;;13;0.5;;1;4;3;7;2;6;0.5;2;0.5;3;0.5;2;;15;6;4
Dec;2008;;0.5;1;0;;;1;1;35;13;6;66;10;0;;0.5;;7;22;17;;;2;3;7;;12;0;;1;4;2;6;3;8;0.5;1;0.5;2;0.5;2;;15;7;2
Jan;2009;;0.5;0.5;0.5;;;1;1;34;11;5;70;10;0.5;;0.5;1;6;21;13;;;2;2;7;2;14;0;;1;3;2;6;3;5;1;3;0.5;2;0.5;2;;24;6;2
Feb;2009;;0.5;0.5;0.5;;;1;0.5;32;10;4;67;11;0.5;;0;0.5;8;25;12;;;3;2;9;1;12;0;;1;3;1;7;2;5;1;3;1;2;0;2;;23;7;2
Apr;2009;;0.5;0.5;1;;;1;1;28;9;5;65;13;0.5;;0.5;0.5;6;29;13;;;2;3;8;2;15;0;;1;4;2;8;1;8;0.5;3;0.5;3;0.5;1;;23;8;2
May;2009;;0.5;1;1;;;5;0.5;30;7;5;59;12;0.5;;0.5;0.5;8;30;10;;;4;3;14;2;13;0.5;;1;3;1;8;2;6;0.5;4;1;3;0.5;2;;20;3;4
Jun;2009;;0.5;0.5;1;;;4;2;28;10;10;54;13;1;;0.5;0.5;7;25;12;;;6;3;11;3;17;0.5;;2;4;3;9;1;7;1;5;1;4;0;3;;25;3;11
Jul;2009;;0.5;0.5;6;;;2;0.5;24;20;4;55;11;0;;0;0;7;27;8;;;2;4;6;1;20;0;;0.5;4;2;8;1;6;0.5;2;1;3;0;1;;25;6;2
Aug;2009;;0.5;0.5;4;;;2;1;32;17;7;54;12;0.5;;0.5;0;5;25;9;;;2;1;10;1;16;0;;0.5;3;1;5;1;6;0.5;3;0.5;2;0.5;1;;30;8;3
Oct;2009;;0.5;0.5;1;;;3;0.5;26;15;4;52;14;0;;0.5;0.5;5;24;10;;;3;4;9;2;16;0.5;;1;6;2;9;1;6;0.5;2;0.5;2;0.5;1;;22;8;4
Nov;2009;;0;0.5;1;;;3;1;24;25;3;49;12;0.5;;0.5;0;5;33;9;;;2;3;11;1;20;0.5;;1;5;2;8;1;7;1;4;0.5;3;0.5;2;;27;6;2
Feb;2010;;0.5;0.5;0.5;;;2;1;25;19;4;48;14;0.5;;0.5;;5;29;8;;;3;5;9;2;17;0;;1;5;2;7;1;8;0.5;4;1;4;0;2;;20;7;2
Mar;2010;;0.5;0.5;0.5;;;4;1;25;14;8;55;19;0.5;;0.5;;5;33;8;;;4;5;8;1;20;0.5;;1;7;4;6;2;7;1;4;0;5;0.5;3;;21;5;13
Apr;2010;;0.5;0.5;0.5;;;3;1;25;11;7;55;21;0.5;;0.5;;5;29;11;;;4;4;8;1;24;0.5;;1;7;7;5;2;6;0.5;4;0.5;6;0.5;3;;24;5;10
May;2010;;1;1;0.5;;;6;1;20;11;5;71;23;0.5;;0.5;;5;38;9;;;4;5;6;1;22;0.5;;2;10;6;5;3;6;1;5;1;7;0.5;3;;22;4;11
Jun;2010;;0.5;1;1;;;2;1;26;12;7;65;16;0.5;;0.5;;6;29;8;;;3;5;4;1;19;0.5;;1;5;4;5;2;6;1;3;1;5;0;2;;21;6;12
Jul;2010;;0.5;0.5;0.5;;;2;1;24;15;7;63;17;0.5;;0.5;;6;28;10;;;3;5;6;2;16;0.5;;1;3;3;5;1;9;0.5;3;0.5;4;0.5;1;;26;5;8
Aug;2010;;0.5;1;0.5;;;1;1;19;17;5;61;18;0.5;;0.5;;6;30;12;;;4;4;6;2;18;0.5;;1;10;3;6;2;7;1;5;0.5;4;1;2;;24;4;12
Sep;2010;;0.5;1;0.5;;;2;1;24;12;5;57;18;0.5;;0.5;;7;31;13;;;3;5;6;2;19;0.5;;1;9;4;4;0.5;8;1;5;0.5;5;0.5;1;;26;5;11
Oct;2010;;0.5;1;0.5;;;2;1;23;16;6;59;18;1;;0.5;;5;27;11;;;4;5;7;2;21;1;;1;10;3;6;2;8;1;6;0.5;5;0.5;2;;29;4;11
Nov;2010;;1;1;0.5;;;4;1;23;17;4;54;15;0.5;;1;;8;27;11;;;3;5;6;2;18;0;;1;11;2;5;2;7;0.5;6;0.5;6;0.5;1;;28;5;10
Dec;2010;;0.5;0.5;0.5;;;3;1;18;15;5;61;21;0.5;;0.5;;7;25;12;;;4;6;6;2;18;0.5;;1;9;4;4;2;9;1;6;1;4;1;2;;27;4;12
Jan;2011;;0.5;0.5;2;;;4;0.5;22;14;6;60;21;;;;;6;26;14;;;4;5;7;1;19;1;;2;7;8;7;2;8;1;6;1;7;1;2;;27;6;9
Feb;2011;;0.5;1;1;;;3;1;23;12;5;60;16;;;;;6;25;16;;;3;5;5;1;19;0.5;;1;6;8;5;3;6;1;6;0.5;6;0.5;2;;28;5;10
Mar;2011;4;0.5;0.5;1;;;4;1;18;16;4;54;17;;;;;6;26;18;;;4;5;6;2;19;0.5;;1;6;15;4;2;8;2;5;1;7;1;3;;25;6;9
Apr;2011;4;0.5;1;0.5;;;2;2;22;22;4;62;14;;;;;5;17;16;;;3;5;5;2;20;0;;2;9;9;4;1;7;2;6;0.5;6;0.5;3;;24;4;10
May;2011;3;0.5;1;0.5;;;3;2;17;18;3;55;20;;;;;8;26;11;;;2;4;6;1;26;0.5;;2;7;11;3;2;6;1;6;1;4;0.5;3;;27;4;10
Jun;2011;6;0.5;0.5;0.5;;;3;1;22;15;4;51;14;;;;;8;31;14;;;3;6;6;1;26;0.5;;1;8;7;5;2;7;1;5;1;4;0.5;2;;28;3;11
Jul;2011;8;1;1;0.5;;;4;1;17;13;3;57;15;;;;;5;27;15;;;1;5;6;1;19;0.5;;1;10;7;5;1;8;1;5;0.5;4;1;1;;29;4;11
Aug;2011;5;0.5;1;0.5;;;4;1;31;11;5;61;16;;;;;6;23;15;;;3;3;6;1;17;0.5;;0.5;9;5;3;2;8;1;4;0.5;3;0.5;2;;26;5;11
Sep;2011;5;0.5;1;0.5;;;3;1;29;13;7;59;16;;;;;9;21;13;;;2;7;11;1;17;0;;1;8;6;4;1;9;1;6;1;4;0.5;2;;30;5;12
Oct;2011;3;0.5;1;0.5;;;4;1;24;10;5;68;16;;;;;6;24;12;;;3;4;5;1;21;1;;1;7;5;3;2;9;1;5;1;3;1;2;;30;3;11
Nov;2011;5;0.5;1;0.5;;;8;2;23;9;6;62;15;;;;;6;23;15;;;2;4;7;1;16;0.5;;1;8;9;4;2;8;0.5;3;0.5;4;0.5;2;;32;4;11
Dec;2011;4;0.5;1;0.5;;;7;2;19;8;5;66;15;;;;;7;22;15;;;2;6;7;1;17;0;;1;10;8;4;2;10;1;5;1;4;1;3;;33;3;10
Jan;2012;5;0.5;0.5;0.5;;;9;2;21;7;5;61;13;0.5;;;;8;20;12;;;3;6;7;2;17;0.5;;1;7;6;3;1;10;1;3;1;3;1;3;;33;4;12
Feb;2012;4;0.5;1;0.5;;;7;1;20;9;4;64;13;0.5;;;;6;24;12;;;2;6;6;1;22;0.5;;1;8;6;2;1;7;0.5;4;2;2;0.5;2;;38;4;12
Mar;2012;4;0.5;1;0.5;;;5;1;18;9;4;57;13;0.5;;;;6;23;12;;;2;5;7;2;22;0.5;;1;7;13;3;2;8;1;3;2;3;0.5;4;;36;5;11
Apr;2012;6;1;2;0.5;;;4;1;20;9;6;55;15;0.5;;;;8;21;18;;;3;7;6;2;20;0.5;;1;8;15;3;1;10;2;4;1;5;0.5;3;;40;6;11
May;2012;7;1;1;0.5;;;6;1;15;6;3;61;13;0.5;;;;6;20;19;;;3;8;8;2;16;0.5;;1;9;8;3;2;9;1;3;1;4;1;4;;34;4;11
Jun;2012;4;1;0.5;0.5;;;8;1;14;7;3;58;11;0.5;;;;7;19;15;;;3;6;7;2;16;0.5;;0.5;7;4;3;2;10;2;4;1;3;1;4;;37;4;10
Jul;2012;6;0.5;1;0;;;5;1;18;9;4;59;14;0.5;;;;7;26;14;;;3;7;8;2;22;0.5;;1;10;6;4;2;11;2;4;1;5;1;4;;34;5;12
Aug;2012;6;0.5;0.5;0.5;;;5;1;14;7;4;61;11;0.5;;;;8;23;15;;;4;5;9;2;18;0;;1;8;4;3;2;10;1;6;1;4;0.5;5;;35;4;14
Sept;2012;6;0.5;1;0.5;;;3;1;17;5;5;54;13;1;;;;11;20;17;;;5;8;8;2;20;0;;0.5;8;7;2;1;12;2;5;1;4;0.5;5;;34;3;12
Oct;2012;9;0.5;1;0.5;;;5;3;18;6;5;52;10;1;;;;10;21;17;;;4;8;6;2;19;0.5;;1;9;6;6;2;11;1;5;1;2;1;4;;32;2;11
Nov;2012;6;0.5;1;0.5;;;6;2;17;6;3;55;14;0.5;;;;10;19;16;;;4;8;7;1;20;0;;0.5;9;5;5;1;13;1;4;1;2;0.5;4;;33;5;13
Dec;2012;6;0.5;1;0.5;;;6;1;19;5;3;55;11;0.5;;;;11;22;17;;;3;7;7;2;15;0.5;;1;8;5;4;1;13;1;5;1;4;0.5;2;;30;6;12
Jan;2013;8;0.5;1;0.5;;;6;2;18;4;5;52;12;0.5;;;;9;22;14;;;3;7;7;1;21;0.5;;1;10;4;5;1;11;1;5;1;2;0.5;2;;29;4;13
Feb;2013;4;1;1;0.5;;;9;1;14;9;4;52;14;0.5;;;;11;26;13;;;3;8;7;1;19;0.5;;1;11;4;4;1;14;1;5;1;4;0.5;3;;27;4;13
Mar;2013;7;1;1;0.5;;;7;1;15;5;4;52;13;0.5;;;;9;29;14;;;2;6;7;2;27;0.5;;1;10;7;3;1;11;1;6;1;6;0.5;3;;28;8;9
Apr;2013;8;0.5;1;0.5;;;7;1;15;7;5;49;12;1;;;;12;31;13;;;3;7;6;2;23;0.5;;1;12;5;4;1;14;3;6;1;5;1;3;;33;6;12
May;2013;8;0.5;1;0.5;;;9;1;11;6;5;49;13;0.5;;;;10;34;10;;;2;7;6;2;24;0.5;;1;13;6;4;1;11;2;6;2;6;0.5;0.5;;32;8;12
Jun;2013;8;1;2;0.5;;;7;2;19;11;8;50;15;1;;;;9;35;12;;;5;9;9;3;26;0;;2;14;7;5;2;15;1;7;2;7;0.5;4;;32;10;10
Jul;2013;7;0.5;1;1;;;6;2;16;9;5;51;14;0.5;;;;7;34;11;;;3;8;8;3;26;0;;1;12;7;5;2;9;2;4;2;7;1;1;;34;7;11
Aug;2013;8;0.5;1;0.5;;;7;2;16;8;7;43;15;0.5;;;;14;38;12;;;2;9;6;2;29;0.5;;1;13;7;4;1;14;2;6;2;6;0.5;3;;33;8;14
Sept;2013;7;0.5;2;1;;;5;2;16;21;8;45;13;0.5;;;;10;32;11;;;3;8;8;2;23;0;;2;9;5;4;0.5;13;2;4;1;6;0.5;3;;33;7;9
Oct;2013;8;1;2;0.5;;;7;2;14;8;6;44;18;1;;;;10;36;19;;;2;9;5;2;25;0;;1;11;10;5;1;15;5;4;2;4;1;3;;32;7;9
Nov;2013;8;1;1;0;;;7;1;13;5;5;40;16;1;;;;9;35;17;;;3;10;8;2;24;0.5;;1;11;7;5;1;16;3;5;1;4;1;3;;33;8;11
Dec;2013;7;0;1;0.5;;;6;1;15;4;5;39;12;0.5;;;;13;37;17;;;3;12;5;2;22;0.5;;1;10;6;7;1;14;3;5;3;5;0.5;4;;29;9;10
Jan;2014;8;0.5;2;0.5;;;7;2;16;7;6;41;15;0.5;;;;11;41;15;;;3;9;9;2;27;0.5;;1;16;6;7;1;16;2;6;2;7;1;5;;32;7;10
Feb;2014;9;1;2;0.5;;;6;3;16;8;7;39;17;1;;;;12;34;13;;;3;11;7;2;23;0.5;;2;12;6;10;2;15;3;6;5;7;1;4;;29;6;13
Mar;2014;7;0.5;1;0.5;;;8;1;12;11;6;36;15;0.5;;;;11;35;12;;;2;7;7;2;24;1;;1;12;4;7;0.5;16;2;6;5;5;0.5;0.5;;26;4;14
Apr;2014;7;0.5;1;0.5;;;9;2;14;9;7;36;15;0.5;;;;14;34;15;;;3;10;6;2;25;0.5;;1;10;6;8;0.5;15;2;5;5;6;0.5;4;;31;6;11
May;2014;9;0.5;1;0.5;;;8;1;16;8;6;36;17;1;;;;14;34;14;;;4;11;9;2;27;0.5;;1;12;6;8;1;15;2;7;4;7;1;1;;32;7;11
Jun;2014;10;1;1;0.5;;;12;1;11;7;6;33;15;0.5;;;;14;39;11;;;2;8;7;2;24;0;;1;11;6;7;1;16;2;6;4;6;1;4;;28;5;12
Jul;2014;9;0.5;2;0.5;;;9;1;15;12;6;32;13;0.5;;;;15;36;11;;;3;10;8;2;27;0.5;;1;11;4;7;1;18;2;6;5;5;1;4;;25;7;11
Aug;2014;9;1;2;1;;;7;1;14;14;8;32;14;1;;;;13;38;11;;;4;11;7;2;25;0.5;;2;13;5;6;1;13;2;5;4;1;1;4;;26;5;15
Sept;2014;7;1;1;0.5;;;8;1;14;23;7;30;16;0.5;;;;15;39;11;;;4;11;7;2;25;0.5;;2;8;3;6;0.5;13;2;5;7;4;0.5;4;;21;5;13
Oct;2014;8;1;1;5;;;9;1;14;21;6;30;12;1;;;;10;45;7;;;4;11;7;3;34;0.5;;2;11;2;6;0.5;14;1;5;2;5;2;5;;24;5;13
Nov;2014;10;0.5;1;2;;;12;3;13;16;7;33;13;0.5;;;;10;42;9;;;3;11;6;2;30;0.5;;2;10;3;7;1;15;3;6;2;6;1;4;;22;5;15
Dec;2014;7;1;2;3;;;11;2;12;10;8;33;13;1;;;;11;47;9;;;2;11;5;2;33;0.5;;1;12;4;5;1;17;2;5;3;8;1;6;;22;7;14
Jan;2015;8;0.5;1;0.5;;;9;1;12;14;3;33;14;0.5;;;;10;38;5;;;2;9;5;1;45;0;;1;9;2;6;0.5;16;2;5;2;5;0.5;4;;22;8;14
Feb;2015;10;1;2;0.5;;;8;1;11;15;5;30;16;1;;;;13;38;7;;;4;12;5;2;41;0.5;;2;10;1;5;1;18;3;6;2;8;1;3;;20;7;13
Mar;2015;8;0.5;1;0.5;;;7;1;12;16;7;28;20;0.5;;;;14;50;6;;;2;12;6;1;38;0.5;;1;13;3;5;1;16;3;6;2;7;0.5;5;;21;7;11
Apr;2015;7;0.5;1;0.5;;;7;2;10;13;6;36;22;0.5;;;;15;40;8;;;2;13;4;2;47;0;;2;11;2;5;1;12;3;7;2;7;1;4;;18;6;11
May;2015;7;1;1;0.5;;;9;0.5;10;8;4;36;21;0.5;;;;16;43;7;;;3;11;4;1;44;0.5;;2;11;2;6;1;17;2;5;3;8;0.5;4;;19;4;8
Jun;2015;8;0.5;1;0.5;;;13;1;9;10;6;26;16;0.5;;;;13;48;5;;;3;10;6;2;40;0.5;;2;11;2;4;1;16;2;6;4;5;1;3;;18;7;14
Jul;2015;9;0.5;1;1;;;11;2;11;22;4;27;14;0.5;;;;14;43;6;;;3;13;5;1;32;0.5;;1;13;2;6;0.5;17;2;5;2;6;1;5;;16;6;13
Aug;2015;9;0.5;3;0.5;;;8;1;13;13;7;27;17;0.5;;;;16;55;7;;;3;12;4;3;37;0.5;;3;12;2;6;1;17;2;8;3;8;1;4;;17;6;8
Sep;2015;8;0.5;1;0.5;;;8;2;11;12;5;25;14;0.5;;;;15;61;5;;;2;14;5;2;36;0.5;;2;10;2;5;0.5;15;3;6;3;7;2;3;;17;5;11
Oct;2015;7;0.5;1;0.5;;;10;1;14;14;4;26;12;0.5;;;;20;56;6;;;2;12;4;1;37;0.5;;2;8;1;5;1;17;1;5;1;6;1;1;;19;5;10
Nov;2015;11;1;1;0.5;;;11;2;14;13;6;27;14;0.5;;;;21;53;8;;;3;15;5;2;34;0;;2;12;3;7;1;18;2;6;3;8;2;4;;17;5;12
Dec;2015;10;0.5;1;0.5;;;5;2;9;42;5;26;16;1;;;;16;45;5;;;3;11;6;3;34;0.5;;3;9;2;7;1;16;2;7;1;5;1;3;;14;5;13
Jan;2016;9;0.5;1;0.5;;;16;2;10;23;5;26;17;0.5;;;;17;4;8;;;3;12;5;2;38;0.5;;2;10;2;10;1;17;2;52;1;5;1;5;;15;6;11
Feb;2016;10;0.5;1;0.5;;;20;1;11;15;5;23;16;1;;;;17;3;5;;;2;9;5;2;38;0;;2;10;1;7;1;14;2;51;2;6;1;3;;16;5;13
Mar;2016;8;0;1;0.5;;;23;1;8;14;5;25;16;0.5;;;;15;2;5;;;3;8;3;2;34;0.5;;1;10;1;6;1;15;3;51;2;6;1;4;;15;8;14
Apr;2016;10;0.5;1;0.5;;;30;2;11;17;6;22;18;0.5;;;;16;4;4;;;3;10;5;2;39;0.5;;3;10;3;6;1;17;3;48;3;7;1;4;;18;6;13
May;2016;8;0.5;1;1;;;28;1;8;17;6;23;18;0.5;;;;16;3;5;;;2;6;6;3;33;0.5;;1;7;2;6;1;14;2;42;2;3;1;2;;15;7;15
Jun;2016;8;0.5;1;0.5;;;32;2;10;14;4;27;17;0.5;;;;18;4;4;;;2;10;5;2;37;0.5;;2;7;2;8;1;15;2;56;1;5;1;4;;15;7;12
Jul;2016;8;0.5;1;0.5;;;40;2;9;10;5;34;18;0.5;;;;16;7;9;;;3;9;7;3;38;0.5;;2;8;3;6;4;15;2;46;4;5;1;6;;17;9;10
Aug;2016;7;0.5;2;0.5;;;31;2;14;19;6;30;14;0.5;;;;22;6;5;;;2;8;3;3;31;0.5;;2;8;2;5;3;14;2;40;2;2;1;3;;15;9;12
Sep;2016;8;1;2;1;;;35;2;13;11;4;25;19;0.5;;;;15;6;6;;;2;7;6;1;40;1;;1;8;3;7;2;16;3;46;2;6;1;5;;16;5;13
Oct;2016;7;0.5;1;0.5;;;32;2;12;11;5;27;19;0.5;;;;18;6;6;1;;3;7;6;2;36;0.5;;3;6;3;7;3;14;2;42;2;4;2;4;;18;2;12
Nov;2016;6;0.5;1;0.5;;;39;2;11;13;4;26;17;0.5;;;;18;6;7;7;;3;9;6;2;32;0.5;;1;7;2;8;4;14;1;40;2;3;1;4;;14;3;13
Dec;2016;11;0.5;1;0.5;;;36;1;13;12;6;25;18;0.5;;;;19;7;8;7;;3;10;4;2;40;0;;2;8;2;8;4;20;3;43;2;5;3;4;;13;5;11
Jan;2017;11;0.5;2;0.5;;;41;1;9;11;5;22;15;0.5;;;;17;4;8;6;;2;7;4;2;49;1;;1;6;3;6;4;14;2;38;2;4;1;5;;16;6;13
Feb;2017;12;0.5;2;0.5;;;45;2;9;14;5;19;15;1;;;;16;6;6;8;;3;6;4;3;52;0;;1;9;2;9;4;13;2;33;2;4;1;4;;11;3;13
Mar;2017;10;0.5;1;0.5;;;51;1;8;8;5;19;19;0.5;;;;16;4;5;6;;3;6;4;2;45;0.5;;1;5;4;6;3;10;1;32;5;4;1;4;;13;3;14
Apr;2017;11;1;2;0.5;;;48;2;13;16;6;22;20;0;;;;16;5;8;8;;4;7;4;2;48;1;;1;8;3;8;3;14;3;37;5;6;1;5;;14;4;12
May;2017;12;0.5;2;0.5;;;45;1;10;10;4;20;27;0.5;;;;15;3;5;4;;2;7;4;2;61;0.5;;3;9;1;9;1;15;2;34;2;5;1;4;;12;4;10
Jun;2017;18;1;2;1;;;42;2;13;29;5;25;27;0.5;;;;17;7;7;10;;5;9;5;3;54;1;;3;11;3;9;3;18;4;37;2;7;1;4;;12;3;10
Jul;2017;14;0.5;2;0.5;;;41;3;14;19;6;25;25;0.5;;;;19;8;7;11;;3;11;5;4;50;1;;5;10;3;10;4;17;4;40;2;6;2;6;;14;5;9
Aug;2017;12;1;2;0.5;;;44;3;13;15;6;22;23;0.5;;;;16;5;9;11;;4;9;5;3;48;1;;3;8;3;12;4;15;4;35;2;6;2;5;;12;5;14
Sep;2017;12;1;2;1;;;46;2;12;16;8;18;20;1;;;;16;5;6;6;;2;7;5;1;40;0.5;;5;8;3;9;4;15;2;36;1;4;2;4;;11;3;14
Oct;2017;10;0.5;1;0.5;;;49;2;15;18;5;19;21;0.5;;;;18;4;9;8;;3;8;4;2;42;0.5;;3;8;3;7;4;13;2;32;1;5;2;3;;12;4;13
Nov;2017;9;0.5;2;0.5;;;46;2;14;16;6;21;21;0.5;;;;19;4;9;8;;3;9;6;2;39;0.5;;2;8;3;7;4;15;2;34;1;7;0.5;4;;11;3;14
Dec;2017;12;0.5;2;1;;;51;3;12;13;5;20;22;0.5;;;;21;5;7;10;;3;9;6;2;45;0.5;;2;8;3;9;3;19;3;29;2;4;1;5;;12;2;9
